{"epoch":0,"training/neglogp":0.6814976334571838,"rollout/return_min":3,"_timestamp":1.7490688310853732e+09,"dagger/total_timesteps":66,"batch_size":32,"rollout/return_std":0,"dagger/round_episode_count":11,"_runtime":50.731049412,"batch":0,"training/l2_norm":72.53288269042969,"samples_so_far":32,"training/loss":0.6808046102523804,"dagger/beta":0.9333333333333333,"rollout/return_mean":3,"training/prob_true_act":0.5058774948120117,"_wandb":{"runtime":50},"dagger/round_timestep_count":33,"_step":1,"training/l2_loss":0,"dagger/mean_episode_reward":3,"training/entropy":0.6930402517318726,"training/ent_loss":-0.0006930402596481144,"rollout/return_max":3}