{"dagger/total_timesteps": 3496, "dagger/round_episode_count": 10, "dagger/round_timestep_count": 311, "dagger/mean_episode_reward": 24.0, "dagger/beta": 0.13333333333333333, "_timestamp": 1748883669, "_runtime": 4858, "epoch": 2, "batch": 500, "batch_size": 32, "samples_so_far": 16032, "training/neglogp": 0.4847802519798279, "training/entropy": 0.47763946652412415, "training/ent_loss": -0.00047763949260115623, "training/prob_true_act": 0.6747418642044067, "training/l2_norm": 236.3471221923828, "training/l2_loss": 0.0, "training/loss": 0.4843026101589203, "rollout/return_min": 14.0, "rollout/return_mean": 22.4, "rollout/return_std": 5.607138307550474, "rollout/return_max": 30.0, "_step": 27, "_wandb": {"runtime": 4881}}