{"dagger/total_timesteps": 2023, "dagger/round_episode_count": 100, "dagger/round_timestep_count": 2023, "dagger/mean_episode_reward": 21.0, "dagger/beta": 1, "_timestamp": 1748642571, "_runtime": 2250, "_step": 9, "epoch": 3, "batch": 2000, "batch_size": 32, "samples_so_far": 64032, "training/neglogp": 0.32449090480804443, "training/entropy": 0.3769466280937195, "training/ent_loss": -0.0003769466420635581, "training/prob_true_act": 0.7814550399780273, "training/l2_norm": 152.7585906982422, "training/l2_loss": 0.0, "training/loss": 0.32411396503448486, "rollout/return_min": 72.0, "rollout/return_mean": 112.6, "rollout/return_std": 33.5952377577537, "rollout/return_max": 150.0, "_wandb": {"runtime": 2717}}