{"training/ent_loss":-0.0006931464304216206,"training/prob_true_act":0.500277042388916,"dagger/mean_episode_reward":9,"rollout/return_max":20,"batch_size":32,"training/l2_norm":72.5000991821289,"_step":0,"dagger/round_episode_count":10,"rollout/return_min":11,"training/neglogp":0.6925939917564392,"dagger/total_timesteps":94,"_timestamp":1.751656929256383e+09,"samples_so_far":32,"training/l2_loss":0,"training/loss":0.6919008493423462,"epoch":0,"_runtime":78.957250648,"rollout/return_std":3.2619012860600183,"dagger/beta":1,"batch":0,"rollout/return_mean":15.4,"_wandb":{"runtime":78},"dagger/round_timestep_count":94,"training/entropy":0.6931464076042175}