{"_step":1,"_timestamp":1.7490610966880176e+09,"samples_so_far":32,"rollout/return_mean":3,"rollout/return_min":3,"rollout/return_max":3,"training/l2_norm":72.532958984375,"batch_size":32,"_wandb":{"runtime":41},"dagger/mean_episode_reward":3,"dagger/round_episode_count":11,"training/entropy":0.6930273175239563,"training/neglogp":0.6813057065010071,"dagger/round_timestep_count":33,"dagger/total_timesteps":66,"epoch":0,"dagger/beta":0.9333333333333333,"_runtime":41.637292252,"batch":0,"training/loss":0.6806126832962036,"training/l2_loss":0,"rollout/return_std":0,"training/ent_loss":-0.0006930273375473917,"training/prob_true_act":0.5059798955917358}