{"_runtime":856.433930169,"dagger/round_episode_count":1,"batch":0,"training/l2_loss":0,"training/loss":3.097651958465576,"batch_size":32,"training/ent_loss":-0.004256815649569035,"dagger/beta":1,"dagger/mean_episode_reward":614.7334594726562,"training/prob_true_act":0.04626571759581566,"rollout/return_mean":-58.5413789704442,"training/l2_norm":128.50015258789062,"rollout/return_max":-53.40502032637596,"epoch":0,"dagger/round_timestep_count":1000,"_wandb":{"runtime":856},"rollout/return_std":4.262401741275824,"training/entropy":4.256815433502197,"samples_so_far":32,"_timestamp":1.749492564749152e+09,"training/neglogp":3.1019086837768555,"rollout/return_min":-65.62500052154064,"dagger/total_timesteps":1000,"_step":0}